data,prediction
-7.13325,-1.7668270490672682
-7.06387,-1.394808755764149
-6.98604,-0.68800109611321
-6.90098,-0.12043150890761822
-6.80994,0.23332022696488075
-6.71417,0.4096948833288683
-6.61486,0.46659341557854495
-6.51307,0.456030775711041
-6.40971,0.4168247099103912
-6.30548,0.37409454647568163
-6.20095,0.3412652134728398
-6.09649,0.32291055507147337
-5.99232,0.3179116401033585
-5.88848,0.3223927625527556
-5.78481,0.33197149737045506
-5.68094,0.343515421243504
-5.57635,0.3558846957810353
-5.47041,0.3701141805096093
-5.36253,0.3888534806093956
-5.2522,0.4156514023748086
-5.13914,0.4539245416534099
-5.02337,0.5061449440122744
-4.90522,0.5732140129608028
-4.78537,0.6543093813502289
-4.66474,0.7468863151385099
-4.54445,0.8469938770429086
-4.4257,0.949675370172018
-4.30964,1.049280123865616
-4.19723,1.1398534982642654
-4.0892,1.2155603106567363
-3.98597,1.2711165132380535
-3.88767,1.302286707892247
-3.7942,1.3061615203041366
-3.70528,1.2814568349747715
-3.62053,1.2287149430447215
-3.5396,1.1503735087018239
-3.46221,1.0508009892366839
-3.38819,0.9361269422545652
-3.31759,0.8140006631941359
-3.25066,0.6931074380478506
-3.18795,0.5824391359222987
-3.13028,0.49032429874599154
-3.07884,0.42340030824499786
-3.03511,0.38551925500863865
-3.00091,0.3772145674316186
-2.97822,0.3954739940837084
-2.96907,0.43421058442582544
-2.97534,0.48547431265348157
-2.99856,0.5408232660841623
-3.03981,0.5927082836202837
-3.09965,0.6354769502283897
-3.17813,0.6657556467913079
-3.27483,0.6823671700178735
-3.38886,0.6861253946106474
-3.51892,0.6793323411153718
-3.66336,0.6653348993560722
-3.82018,0.6479974929848251
-3.9871,0.6312147559828902
-4.16157,0.6186567490657954
-4.34079,0.6134599555207694
-4.52178,0.6179859443799647
-4.70143,0.6338828969768491
-4.87666,0.6618707339618969
-5.04451,0.7019894932890971
-5.20224,0.7536878116104166
-5.3475,0.8160485817440141
-5.47834,0.8878668008603381
-5.59338,0.9676471796618308
-5.69175,1.0536390461750365
-5.77311,1.14379139520674
-5.8376,1.2356787628320383
-5.88575,1.3265516142626028
-5.91843,1.4133820835908022
-5.93682,1.492885959599425
-5.94232,1.561851547216733
-5.93656,1.617316656397099
-5.92126,1.6567789369461705
-5.89815,1.6784513529773422
-5.869,1.6813501682359513
-5.83545,1.6652658756295522
-5.79912,1.6306260982553376
-5.76151,1.578278712696628
-5.72403,1.5092039390755105
-5.68801,1.424255020987851
-5.65468,1.3240747142150164
-5.62516,1.2090269562739857
-5.60044,1.0793239764989924
-5.58128,0.935231485883126
-5.56821,0.7771433741486945
-5.56148,0.6058465346670501
-5.56104,0.42271019396639387
-5.56654,0.2298236730374642
-5.57747,0.03022950507942257
-5.59314,-0.17212270790271023
-5.61276,-0.3725466814119567
-5.63557,-0.5659549243589136
-5.66078,-0.7472638523447995
-5.6877,-0.9119408902271179
-5.7157,-1.0562673794352793
-5.74423,-1.177683210612815
-5.77283,-1.2749718565667738
-5.80112,-1.3482777388465106
-5.82881,-1.3989258430907368
-5.85565,-1.429106643872967
-5.88145,-1.4415075585582853
-5.90608,-1.4388648235536525
-5.92945,-1.423546775929354
-5.95153,-1.3973007342823325
-5.97235,-1.3611601411952405
-5.992,-1.3154197425947416
-6.01061,-1.2599151831040625
-6.0284,-1.1943175418124163
-6.04565,-1.1185429021182516
-6.0627,-1.033035833337658
-6.07995,-0.9390665413122984
-6.09785,-0.8385443918920883
-6.11688,-0.7340607539106769
-6.13753,-0.6285414809486795
-6.16026,-0.5250232644679551
-6.18545,-0.4263064555163685
-6.21339,-0.33461569466092955
-6.24423,-0.25130054913839006
-6.27803,-0.1767241471354286
-6.31477,-0.11021843697659195
-6.35442,-0.05020753841872694
-6.39694,0.005504310007980795
-6.44239,0.05931033821689813
-6.49085,0.11339774974943484
-6.54248,0.16923354505636812
-6.59747,0.22737378736606428
-6.65601,0.2870981091037822
-6.71823,0.3466001213019606
-6.78414,0.40324259207566027
-6.85349,0.45391955053248934
-6.92575,0.4956382276618513
-7.0,0.5259121836190531
-7.07498,0.5430302625872635
-7.14908,0.5462981322189832
-7.22052,0.5359671226691969
-7.28745,0.5132325139069259
-7.34815,0.4799303736038796
-7.40122,0.4382601175151588
-7.44572,0.3904786827302954
-7.48125,0.33860132071850335
-7.50802,0.2840195167122308
-7.52677,0.22751774323847507
-7.53868,0.16903921193730675
-7.54519,0.10777999910696112
-7.54792,0.04232576179891634
-7.54855,-0.029142422867744155
-7.54879,-0.1086709608175741
-7.55027,-0.19805731118103465
-7.55458,-0.298584026663387
-7.56325,-0.4107242460029543
-7.57769,-0.5338319655323462
-7.59925,-0.6660717802438783
-7.62908,-0.80443252612768
-7.6681,-0.9448272855111018
-7.71683,-1.0823730307408335
-7.77536,-1.2118519560287437
-7.84316,-1.3282475538922787
-7.91918,-1.4273501563864124
-8.00183,-1.5061987436279551
-8.08906,-1.5633512922415815
-8.17855,-1.5988121206984773
-8.2678,-1.61399842948432
-8.35428,-1.611252811173707
-8.43557,-1.5935329580175315
-8.50946,-1.5640042151713494
-8.57405,-1.525756025208741
-8.62779,-1.4815359942198771
-8.66952,-1.4337845839266805
-8.69842,-1.3845414502474482
-8.71401,-1.3356565138227132
-8.71607,-1.2888881289939205
-8.70463,-1.2460405825973897
-8.67986,-1.2088294843587006
-8.64202,-1.178935795731678
-8.59145,-1.1576784955677797
-8.52849,-1.145782282216716
-8.45349,-1.143305185535897
-8.36683,-1.1493768654066916
-8.26893,-1.1622410990796381
-8.16029,-1.1793267231474347
-8.04149,-1.1974810779279579
-7.91316,-1.2133023392262523
-7.77607,-1.2235024457557957
-7.63107,-1.2253146005269706
-7.4792,-1.2167882114029718
-7.32172,-1.1970199538321238
-7.16016,-1.1662829586956778
-6.99637,-1.1261424123825408
-6.83246,-1.079350265829341
-6.67068,-1.029602757010719
-6.51321,-0.9811715826179113
-6.36194,-0.9385328035276048
-6.21832,-0.9058984871530069
-6.08325,-0.8868231237990192
-5.95706,-0.8839182148812894
-5.83962,-0.8986892906395356
-5.73038,-0.9314853094994346
-5.62854,-0.9815146094272544
-5.53314,-1.0469490720936514
-5.44317,-1.1252003451886736
-5.35767,-1.2132008613280576
-5.2758,-1.307569373523529
-5.19689,-1.4048097539940194
-5.12035,-1.5015284399270596
-5.04564,-1.5944620875950362
-4.97218,-1.68074178326079
-4.8993,-1.7581470004007054
-4.82621,-1.8251795831067623
-4.75204,-1.8812931339595105
-4.6759,-1.9268464229264186
-4.59688,-1.9631559902848341
-4.51421,-1.9922632450343851
-4.42725,-2.0168329428435037
-4.33562,-2.0397850091996474
-4.23926,-2.064156593557512
-4.13852,-2.0926389390367355
-4.03422,-2.1273532577940406
-3.92769,-2.1695918022069733
-3.82075,-2.2198226335437905
-3.7157,-2.2776981186630323
-3.61524,-2.3421670625788145
-3.5223,-2.411761284628353
-3.43995,-2.4846713857564033
-3.37118,-2.559095082184326
-3.31869,-2.633356748395041
-3.28485,-2.705971089334911
-3.27154,-2.775772804314187
-3.28013,-2.8419228018003926
-3.31147,-2.9039630251745
-3.36591,-2.961699741083696
-3.44322,-3.0151977836132398
-3.54268,-3.064714371918804
-3.66301,-3.1104879321301353
-3.80242,-3.1528539865535965
-3.95861,-3.1920941089297905
-4.12878,-3.2284366863864373
-4.30962,-3.261979160864634
-4.49745,-3.2926639244137776
-4.68827,-3.32034113428472
-4.87801,-3.3448515350391883
-5.06265,-3.3659838484210174
-5.23845,-3.383676183701464
-5.40208,-3.398058889775482
-5.55072,-3.409306219607332
-5.68225,-3.417926588011651
-5.7952,-3.42462071033955
-5.88876,-3.43022189454399
-5.96274,-3.435766122740314
-6.01747,-3.4422614632519624
-6.05369,-3.4507478460168253
-6.07255,-3.462228342431816
-6.07544,-3.4775715834272765
-6.06397,-3.497441536746447
-6.0399,-3.5222252695146126
-6.00503,-3.551944955890682
-5.96119,-3.5861497771906086
-5.91018,-3.624131327365847
-5.85378,-3.6649731432989285
-5.79368,-3.7076087882596735
-5.73156,-3.7509641686762207
-5.66902,-3.7941069386900037
-5.6076,-3.8362544022931306
-5.54876,-3.8768026948659617
-5.49386,-3.915302641945254
-5.4441,-3.9513128438341605
-5.40051,-3.984261125317094
-5.36387,-4.013519355071903
-5.33476,-4.038641587326878
-5.31349,-4.059528048574566
-5.30017,-4.076648949503425
-5.29475,-4.091164387711112
-5.29699,-4.104641649014178
-5.30654,-4.1188322352975435
-5.3229,-4.135350477215665
-5.3454,-4.155359611104146
-5.37315,-4.179309758069651
-5.40512,-4.206877117989224
-5.44016,-4.237068528795684
-5.47709,-4.268355529730188
-5.51478,-4.298891525908051
-5.5522,-4.326685945294885
-5.58854,-4.3498264732485366
-5.62318,-4.366518317215613
-5.65575,-4.375205997327284
-5.68611,-4.374569145274279
-5.7144,-4.363641272253002
-5.74096,-4.3418493950659025
-5.76636,-4.309246115015231
-5.79133,-4.2664287892840065
-5.81676,-4.214730742389786
-5.84361,-4.156011735568885
-5.87285,-4.0924367394986145
-5.90538,-4.026213083453369
-5.94191,-3.9592560037324125
-5.98288,-3.893021187591477
-6.02836,-3.828419966961463
-6.07805,-3.7658445112484653
-6.13133,-3.7053305637507314
-6.18737,-3.6464805547646018
-6.24525,-3.5886491159226757
-6.30412,-3.531049216191593
-6.36326,-3.472807282619311
-6.42223,-3.4132782617077275
-6.48081,-3.352056694667667
-6.53906,-3.2891780992965405
-6.59728,-3.2251395851291176
-6.65592,-3.160899279310099
-6.7156,-3.0979469589439312
-6.77695,-3.038024585536693
-6.84052,-2.9829057187427948
-6.9067,-2.934269045313072
-6.97558,-2.8935440152162517
-7.04683,-2.8618269243156274
-7.1197,-2.8399548528047607
-7.19304,-2.828504381386225
-7.26535,-2.8278477748933475
-7.33494,-2.8379993013568705
-7.40014,-2.858593945835868
-7.45946,-2.8888830963004257
-7.51181,-2.927785709202401
-7.55657,-2.9741112824700533
-7.5937,-3.0265693994928142
-7.62371,-3.083912998713043
-7.64751,-3.144776522843183
-7.66634,-3.207744521287491
-7.68164,-3.2714387897506465
-7.69496,-3.334610025123698
-7.70792,-3.3964406870578294
-7.72212,-3.4564574676025366
-7.73914,-3.514601862988812
-7.76045,-3.5711923576283158
-7.78737,-3.62676135402355
-7.82098,-3.6821478328043127
-7.86206,-3.7382422922749883
-7.91097,-3.7959041420222075
-7.96766,-3.8556354889084212
-8.03169,-3.917407195888251
-8.10221,-3.9805028536121583
-8.17809,-4.043452872151642
-8.25796,-4.104127387989106
-8.3404,-4.159870553180305
-8.42398,-4.2076872639974665
-8.50741,-4.244405386357521
-8.5896,-4.2669088599260885
-8.66968,-4.272432006035295
-8.74705,-4.258868195882136
-8.82131,-4.225077180631792
-8.89227,-4.171307602673529
-8.95981,-4.099287373229816
-9.0238,-4.012484984106705
-9.08402,-3.91631211125092
-9.14003,-3.818117356527056
-9.19111,-3.727296418100989
-9.23621,-3.6550870964053166
-9.27395,-3.614096784957092
-9.30266,-3.617570878487699
-9.3205,-3.6779625907126237
-9.32555,-3.804053263760432
-9.31598,-3.9927614313918016
-9.29008,-4.205478930605716
-9.24634,-4.2928279728900085
-9.18353,-3.752894232170642
-9.1007,-3.6943207884179277
-8.99728,-3.6388900117906435
-8.8731,-3.58721704699225
-8.72843,-3.539869023551849
-8.56406,-3.497361256471963
-8.3813,-3.4601375903427636
-8.18203,-3.4285677590579686
-7.96865,-3.4029227389141443
-7.74399,-3.3833504659962697
-7.51118,-3.369846629995453
-7.27349,-3.362246383535491
-7.03413,-3.3602161553518144
-6.79623,-3.3633146026028196
-6.56268,-3.371025438900173
-6.33617,-3.3828382045357106
-6.11911,-3.3982872653883525
-5.91358,-3.416985371760556
-5.72125,-3.4386320041141065
-5.54338,-3.4630386251290135
-5.38071,-3.4901044577657427
-5.23348,-3.5198176299900545
-5.10136,-3.5522255274139654
-4.98348,-3.5874154836044485
-4.87851,-3.625508477392581
-4.78471,-3.6666269417014496
-4.70002,-3.7108696022343217
-4.62225,-3.758310165316334
-4.54914,-3.808961273800774
-4.47856,-3.862769760665415
-4.40855,-3.9195834406971386
-4.33745,-3.9791447566276914
-4.26399,-4.041088718345212
-4.18733,-4.104943189007961
-4.10713,-4.170149769399987
-4.02358,-4.236085417894459
-3.93742,-4.302098971654885
-3.84992,-4.367544955069924
-3.7629,-4.4318271838554635
-3.6786,-4.494412986147876
-3.59959,-4.554847408166513
-3.52864,-4.612765235475652
-3.46852,-4.667871005385713
-3.42185,-4.7199399429050635
-3.39093,-4.7688014060714226
-3.3777,-4.814366112073483
-3.3836,-4.856614513101178
-3.40956,-4.895615620957449
-3.45599,-4.931538334864155
-3.52276,-4.964640809677379
-3.60925,-4.995265197363022
-3.71441,-5.023819996457766
-3.83678,-5.05074194743153
-3.97455,-5.076468144476307
-4.12562,-5.1014056305943605
-4.2876,-5.125890200186677
-4.45779,-5.150154062112505
-4.63324,-5.174324205528444
-4.8108,-5.198436048406029
-4.98727,-5.222478743270805
-5.15947,-5.246418171973588
-5.32437,-5.270233769712966
-5.47918,-5.293935883594069
-5.62149,-5.317597517528331
-5.74929,-5.341349783121255
-5.86107,-5.365389277963609
-5.95585,-5.3899762689412505
-6.03314,-5.415399657618125
-6.09296,-5.441974641200204
-6.13578,-5.470015747399171
-6.16245,-5.49981284979511
-6.17416,-5.531620682406364
-6.17231,-5.565623537323052
-6.15843,-5.601913757549892
-6.13409,-5.640476583252677
-6.10087,-5.681187010317076
-6.06033,-5.72382011207404
-6.01396,-5.768050920970054
-5.96317,-5.813458959683909
-5.90932,-5.859558234961535
-5.85361,-5.905770795998306
-5.79717,-5.95146828120286
-5.74103,-5.995974943583918
-5.68617,-6.03858781459433
-5.63347,-6.078572784655396
-5.58382,-6.115200558910908
-5.53802,-6.147731518701583
-5.49687,-6.175455871286383
-5.4611,-6.197691191419303
-5.43142,-6.213815420986281
-5.4085,-6.223283100437411
-5.39288,-6.22561957629191
-5.38495,-6.220426055403285
-5.38483,-6.207374159370927
-5.39234,-6.186216324448622
-5.40704,-6.1568111723328505
-5.42825,-6.1191483861231415
-5.45516,-6.07337070080391
-5.48683,-6.01976817823928
-5.52234,-5.95879638212107
-5.56078,-5.891047994609045
-5.60129,-5.817233230075908
-5.64315,-5.738174198330882
-5.6857,-5.654759286942486
-5.72843,-5.567936798292239
-5.77094,-5.478679874053199
-5.81295,-5.387963274289414
-5.85432,-5.296740849732692
-5.89498,-5.205900508973894
-5.93499,-5.116254224144239
-5.97443,-5.028488640680578
-6.01341,-4.9431449626971835
-6.05203,-4.86060129425861
-6.09037,-4.7810665910289805
-6.12849,-4.704584910882121
-6.16638,-4.631035019278444
-6.20397,-4.560155341263727
-6.24119,-4.4915913103137
-6.27794,-4.424925850047624
-6.31417,-4.359742056522496
-6.34991,-4.295672983902117
-6.38531,-4.232452584436322
-6.42065,-4.169946733196481
-6.45636,-4.108182254114211
-6.49301,-4.047355463649853
-6.53126,-3.987824407086899
-6.57188,-3.9301021756010215
-6.61563,-3.8748176046009712
-6.6632,-3.822672224749002
-6.71507,-3.7743821272094533
-6.77133,-3.73060821336469
-6.8316,-3.691921361764795
-6.89493,-3.658771327892104
-6.95977,-3.6314843907847623
-7.02406,-3.6102883075745824
-7.08536,-3.5953523146732773
-7.14109,-3.5868363811521062
-7.1887,-3.5849153801788094
-7.226,-3.5898191121601677
-7.25133,-3.6018269039198594
-7.26378,-3.621257427208495
-7.26322,-3.6484098818146466
-7.25033,-3.6835147172753344
-7.22651,-3.726672981014474
-7.19378,-3.7778118100818308
-7.15464,-3.836661041628088
-7.11198,-3.902760767206224
-7.06895,-3.975475605227838
-7.02883,-4.054005771976015
-6.99487,-4.137395681078341
-6.97006,-4.224521540163788
-6.95698,-4.314110166571748
-6.95751,-4.404716522109937
-6.97276,-4.494766721518778
-7.00291,-4.582582690035416
-7.04721,-4.666433408247868
-7.10403,-4.744607046568073
-7.17098,-4.815480865619246
-7.24505,-4.877592156517723
-7.32283,-4.929707336957454
-7.4007,-4.970881017382007
-7.47501,-5.000478511762287
-7.54234,-5.018217991322956
-7.59957,-5.02414579890065
-7.6441,-5.018634134747981
-7.67391,-5.002341731983442
-7.68767,-4.976176694825298
-7.68473,-4.941228824829672
-7.66516,-4.898718447174664
-7.62967,-4.8499198727295605
-7.5795,-4.796089013532188
-7.51636,-4.738418700386782
-7.44225,-4.6779840001593405
-7.35928,-4.615699091830307
-7.26958,-4.552321441330002
-7.1751,-4.488437058616913
-7.07762,-4.424515802361525
-6.97866,-4.360940250116567
-6.87955,-4.2980666429644
-6.78139,-4.236254860823129
-6.68505,-4.1758902458208444
-6.59124,-4.1174152705256954
-6.50045,-4.061318719985388
-6.41307,-4.008160405950879
-6.32931,-3.9585420889862664
-6.2493,-3.9131180654416946
-6.17305,-3.872557938461778
-6.10056,-3.8375494019507057
-6.0318,-3.808747791907937
-5.96671,-3.7867271396852433
-5.9051,-3.77190347069462
-5.84659,-3.7644750872162915
-5.79056,-3.764388370606084
-5.73612,-3.7713298590733215
-5.68216,-3.784762560391675
-5.62742,-3.8039811065708933
-5.57057,-3.8281714391434787
-5.51032,-3.8564789305014746
-5.44548,-3.8880567714628453
-5.37507,-3.9221162071723046
-5.29839,-3.957967966427003
-5.21508,-3.9950448735853907
-5.12518,-4.032923040241442
-5.0291,-4.071309951495051
-4.92762,-4.110033463390514
-4.82182,-4.149010492208467
-4.71297,-4.188205244242937
-4.60249,-4.227618559170465
-4.49181,-4.267250775601191
-4.38237,-4.307107194533092
-4.27548,-4.347167850544725
-4.17241,-4.38741434806383
-4.07428,-4.427800524308341
-3.98216,-4.468273405706666
-3.89699,-4.508754913946683
-3.81965,-4.549151982704779
-3.75091,-4.589354278719773
-3.69147,-4.629247316403882
-3.64196,-4.668723398259853
-3.603,-4.707703063547579
-3.57517,-4.746130640459265
-3.55903,-4.78397807778839
-3.55511,-4.821241071840965
-3.56381,-4.857906432330433
-3.5854,-4.893950798487809
-3.61998,-4.929337137500486
-3.66743,-4.964002012259902
-3.72744,-4.99787477464702
-3.79949,-5.030881736015122
-3.88282,-5.062932789893996
-3.97646,-5.093932410240591
-4.07926,-5.123779637089641
-4.1899,-5.152359049994853
-4.30692,-5.179535522218001
-4.42872,-5.205150868143162
-4.55363,-5.2290307122775
-4.67988,-5.250981911387036
-4.80569,-5.270816902489929
-4.92924,-5.28835754922487
-5.04878,-5.3034784280096785
-5.16257,-5.316111001238351
-5.26896,-5.32627246728604
-5.36645,-5.334094333046654
-5.45374,-5.339823801224702
-5.52987,-5.343845361316605
-5.59415,-5.346627797056774
-5.64627,-5.348715710815858
-5.68621,-5.350668798833227
-5.71428,-5.353025786070716
-5.73105,-5.356262827342986
-5.73737,-5.360774041694839
-5.73428,-5.366834507216551
-5.72297,-5.374587809654789
-5.70467,-5.384026456766495
-5.68068,-5.395010357841276
-5.65225,-5.407266594497797
-5.62063,-5.420425701330497
-5.58698,-5.434031706570742
-5.55242,-5.447591711309382
-5.51796,-5.460589741316577
-5.48455,-5.47253263614765
-5.45302,-5.482961976927746
-5.4241,-5.491486621255001
-5.39843,-5.49779822414324
-5.37655,-5.5016841916012895
-5.35891,-5.503031418960921
-5.34588,-5.501825766717291
-5.33776,-5.498144757040885
-5.33482,-5.492154555500468
-5.33729,-5.4840853889525265
-5.34534,-5.474205344174512
-5.35906,-5.462786110067921
-5.37843,-5.4500769583236615
-5.40321,-5.436251470330625
-5.43294,-5.421392487950108
-5.46692,-5.405484633802621
-5.5043,-5.388429946653638
-5.54412,-5.370060886918219
-5.58544,-5.35017473578702
-5.62735,-5.32853959336086
-5.66906,-5.304912864163488
-5.70993,-5.279053687592727
-5.7495,-5.250732738704606
-5.7875,-5.219741430038091
-5.82391,-5.185917256640558
-5.85886,-5.149122989567647
-5.8927,-5.109279932298403
-5.92589,-5.066348993435684
-5.95899,-5.020338230894571
-5.99259,-4.971290196058655
-6.02725,-4.919277255651616
-6.06348,-4.8643972495408825
-6.1017,-4.806767294658981
-6.14218,-4.74650425894559
-6.18504,-4.68372774669957
-6.23021,-4.61855316650977
-6.27744,-4.551102689879179
-6.32637,-4.48153980291274
-6.37655,-4.4100903680766645
-6.42757,-4.337092739060885
-6.47911,-4.263016866327318
-6.53098,-4.188469624467374
-6.58314,-4.114186344416808
-6.63567,-4.041004614962599
-6.6888,-3.9698477277617705
-6.74283,-3.9016824858771284
-6.79812,-3.8374844114694007
-6.855,-3.7781953075574473
-6.91369,-3.7246715795873953
-6.97422,-3.677640937032392
-7.03635,-3.637663158707884
-7.09948,-3.6050837390884736
-7.1626,-3.5800174542300933
-7.2243,-3.5623504635387495
-7.28283,-3.551762210599799
-7.33616,-3.5477586521089552
-7.38217,-3.549742935357035
-7.41881,-3.55707211789054
-7.44428,-3.5691156657011307
-7.45723,-3.5853148189931154
-7.45686,-3.605203232148015
-7.443,-3.628414921487943
-7.41604,-3.6546573903174955
-7.37694,-3.683704641724571
-7.32705,-3.715356939170015
-7.26811,-3.7494463081272698
-7.20212,-3.785822124681994
-7.13135,-3.824375227584084
-7.05823,-3.865018731385638
-6.98534,-3.9076885058136464
-6.91533,-3.95231585949239
-6.85076,-3.998770584219666
-6.79406,-4.046841293288108
-6.74726,-4.0961584558245105
-6.71193,-4.146189402950005
-6.68907,-4.1962341960231315
-6.67906,-4.245448713545446
-6.68165,-4.2928842434261885
-6.69606,-4.337561842820045
-6.72108,-4.378532412121214
-6.75517,-4.414927025466784
-6.79666,-4.446026580551987
-6.84383,-4.471279426025376
-6.89503,-4.490324221177766
-6.94877,-4.502989203958778
-7.00375,-4.509280587849455
-7.05893,-4.509369386609143
-7.11342,-4.5035368203330615
-7.16653,-4.492163818712238
-7.21767,-4.475683300708513
-7.26624,-4.454537827265185
-7.31155,-4.429146956871457
-7.35276,-4.399897901512729
-7.38878,-4.367126103008531
-7.41821,-4.331111708762763
-7.43948,-4.292136139461942
-7.45083,-4.250489093059439
-7.45054,-4.206529709961962
-7.43704,-4.16070507660434
-7.40904,-4.11355611655498
-7.3657,-4.065720941271491
-7.30668,-4.0179037960147275
-7.23222,-3.9708462724783726
-7.14303,-3.925268809221273
-7.04035,-3.881865292134346
-6.9258,-3.841259570369448
-6.80143,-3.8040276011708847
-6.66955,-3.7706643806314646
-6.53257,-3.741562169140894
-6.39282,-3.716991914096437
-6.25231,-3.697074115724652
-6.1126,-3.6817892764369793
-5.97475,-3.6710063348971733
-5.83926,-3.664507163591121
-5.70624,-3.6620603984521978
-5.57546,-3.6634516360057092
-5.44651,-3.6685262831324716
-5.31887,-3.677200954814
-5.19208,-3.6894791232403805
-5.06579,-3.70544065896933
-4.93986,-3.725225800766666
-4.81435,-3.7490019244380366
-4.68959,-3.776952675800022
-4.56607,-3.8092287214084424
-4.44447,-3.845935501715826
-4.32553,-3.887097310415352
-4.21004,-3.9326493168431367
-4.0988,-3.9824363457616982
-3.99258,-4.036205671777105
-3.89213,-4.093611462296872
-3.79811,-4.154203516124034
-3.71113,-4.217443876119268
-3.63172,-4.282703565412909
-3.56037,-4.349288895359171
-3.49755,-4.416457486542601
-3.44373,-4.483447847360721
-3.39935,-4.549492132094215
-3.36487,-4.613855256772368
-3.34075,-4.675859812238989
-3.32745,-4.734909043295843
-3.32545,-4.790512360987149
-3.3352,-4.84228456546635
-3.35708,-4.889940617663948
-3.39138,-4.933286761122553
-3.43821,-4.972198571206967
-3.49751,-5.006617725004844
-3.56905,-5.036547351953286
-3.65236,-5.062030531081222
-3.74679,-5.083158922815657
-3.85146,-5.100055365146089
-3.96532,-5.112875178614089
-4.08714,-5.121799298668024
-4.21558,-5.127038516422744
-4.3492,-5.12882415507555
-4.48647,-5.12739988801821
-4.62579,-5.123014287714989
-4.76549,-5.115911143039299
-4.90386,-5.1063333173612335
-5.03911,-5.09450838931165
-5.16942,-5.080661359276176
-5.29301,-5.065041560261351
-5.40812,-5.047926589921376
-5.51315,-5.029660016316621
-5.60671,-5.010662715179428
-5.68775,-4.991448210517014
-5.75556,-4.972603725789503
-5.80985,-4.954782276678005
-5.8507,-4.938663407358084
-5.87857,-4.924926066039153
-5.89421,-4.914208131292263
-5.89865,-4.9070831201760035
-5.8931,-4.904023094564492
-5.87886,-4.9053711838088425
-5.85729,-4.911330430742251
-5.82977,-4.921958627376151
-5.79769,-4.937171239188964
-5.76239,-4.956731120802178
-5.72519,-4.9802717432966785
-5.68731,-5.007293981223112
-5.6499,-5.03719592658836
-5.61397,-5.069278591992783
-5.58039,-5.102773057395689
-5.54989,-5.136873405569395
-5.52303,-5.170758089335774
-5.50022,-5.203621098942083
-5.48175,-5.234712674040064
-5.46779,-5.263350924800961
-5.45844,-5.288947428163132
-5.45371,-5.311003106587948
-5.45358,-5.329124459216909
-5.45796,-5.342998640484323
-5.46667,-5.352384293369993
-5.47943,-5.357092312635887
-5.49591,-5.356992150079074
-5.5157,-5.351985525185713
-5.5384,-5.342014269717933
-5.56354,-5.327031118018639
-5.59069,-5.307018086927093
-5.61938,-5.2819709777117625
-5.64919,-5.251923750673723
-5.67974,-5.216947310485066
-5.71072,-5.177158328601466
-5.74191,-5.132720624844512
-5.77322,-5.083857753803541
-5.80464,-5.030830416311276
-5.83627,-4.973946291536263
-5.86831,-4.913556423322192
-5.90099,-4.850031128482261
-5.93458,-4.783768763540119
-5.96933,-4.715174334980844
-6.0054,-4.644642542852944
-6.04282,-4.572545595101838
-6.08147,-4.499226325114054
-6.12097,-4.424973290721195
-6.16076,-4.350037213507822
-6.2001,-4.274640141274283
-6.23819,-4.1990015915670424
-6.27426,-4.123357143933385
-6.30771,-4.04798252089806
-6.33817,-3.9731956854736037
-6.36557,-3.8993677273736265
-6.39019,-3.826930930236636
-6.41264,-3.7563724305285238
-6.43388,-3.688251212296017
-6.45515,-3.6231884699187713
-6.47789,-3.561859380621173
-6.50365,-3.5049818365171257
-6.53394,-3.4532883396612384
-6.57006,-3.4074871039898547
-6.61296,-3.3682290816325366
-6.6631,-3.33607124062556
-6.72034,-3.3114351530453408
-6.78389,-3.294585010540895
-6.85238,-3.285627254463187
-6.9239,-3.28450396425375
-6.99621,-3.2910297503148964
-7.06691,-3.30491191770609
-7.13367,-3.3257881005880527
-7.19442,-3.35325374377357
-7.24752,-3.386882220302144
-7.29184,-3.4262280931620768
-7.32675,-3.4708117554611713
-7.35205,-3.5201078066444857
-7.36786,-3.5735258405645696
-7.37456,-3.6304247707246637
-7.37269,-3.6901156388587384
-7.36294,-3.7518955183788605
-7.34615,-3.8150738718916175
-7.32335,-3.8790017599016804
-7.2958,-3.943085329255948
-7.26504,-4.006789009072399
-7.23292,-4.069618586689501
-7.2016,-4.131093970672543
-7.1735,-4.190711780953062
-7.15118,-4.247904127549816
-7.1372,-4.302016734819657
-7.13391,-4.3522887343534125
-7.14329,-4.397879340992481
-7.16674,-4.437886346805079
-7.20504,-4.47142556135482
-7.25824,-4.497680623938427
-7.32576,-4.515989950142803
-7.40632,-4.525867007332246
-7.49815,-4.527067673958299
-7.59899,-4.519577822729137
-7.70626,-4.503624532746384
-7.8172,-4.479666708109572
-7.92894,-4.448348182548306
-8.03863,-4.41047283831525
-8.14352,-4.36695464047326
-8.24096,-4.318758141169769
-8.32852,-4.266871694896966
-8.4039,-4.212241341167938
-8.46507,-4.155765893012347
-8.51019,-4.098253090042016
-8.53766,-4.04041440723533
-8.5462,-3.9828732952180768
-8.53487,-3.9261697635628443
-8.50318,-3.870790082182435
-8.45109,-3.817165947211642
-8.37902,-3.765686937514836
-8.28785,-3.7167032984059025
-8.17891,-3.6705391260040616
-8.05395,-3.627494320274443
-7.91511,-3.5878592578363158
-7.76481,-3.5519091550286728
-7.60574,-3.5199225690248124
-7.44075,-3.4921836118366008
-7.27276,-3.468972889021757
-7.10457,-3.450545193098267
-6.9388,-3.437125914421328
-6.77768,-3.4288749446611866
-6.62302,-3.425879156106436
-6.47612,-3.428134695944502
-6.33775,-3.4355389262413487
-6.20812,-3.447885275891942
-6.08692,-3.4648732230889534
-5.97337,-3.4861224095406858
-5.8663,-3.511194129370159
-5.76424,-3.53961128925088
-5.66551,-3.5708788303837506
-5.5684,-3.604528006544121
-5.47129,-3.640141744157499
-5.3728,-3.677385875099535
-5.27189,-3.716019447457519
-5.16801,-3.7559148614098006
-5.0611,-3.797034126073352
-4.95162,-3.839409210454673
-4.84056,-3.8831257217122888
-4.72932,-3.9282725907189975
-4.61961,-3.974908748491242
-4.5134,-4.023056163073397
-4.41277,-4.072669326615574
-4.31985,-4.123639869467743
-4.2367,-4.175782722157991
-4.16531,-4.228864543227351
-4.10742,-4.282571351256202
-4.06454,-4.336542596878423
-4.03785,-4.390364146705505
-4.02817,-4.443590327760963
-4.03594,-4.495759540439694
-4.0612,-4.546415807112615
-4.10359,-4.595124640972432
-4.16231,-4.641475792236371
-4.23622,-4.685112147603861
-4.32382,-4.725726695500117
-4.42333,-4.763071811212403
-4.5327,-4.79694923885695
-4.64975,-4.827234825043771
-4.77218,-4.853858385044247
-4.89766,-4.87680275670003
-5.02388,-4.896094215381915
-5.14859,-4.9117850643733565
-5.26961,-4.923937100860216
-5.38485,-4.932615391125774
-5.49238,-4.937897566244849
-5.59044,-4.939872155220925
-5.67749,-4.938651885500242
-5.75227,-4.934392737672172
-5.81382,-4.927306224671037
-5.86153,-4.917676335673324
-5.89513,-4.905869985473749
-5.91469,-4.892342979785143
-5.92064,-4.877660665503363
-5.91373,-4.862491794002237
-5.89501,-4.847615666167183
-5.86582,-4.833916049576911
-5.82777,-4.822363856237683
-5.78265,-4.813970213462281
-5.73243,-4.809748626793444
-5.67914,-4.810655900814259
-5.62483,-4.817537871393629
-5.57145,-4.831072060042151
-5.52076,-4.851713931521262
-5.4743,-4.879675799498438
-5.4333,-4.914892930637352
-5.3987,-4.957035216965548
-5.37105,-5.005496071236022
-5.35061,-5.059446391953767
-5.33728,-5.117844098114361
-5.3307,-5.179500825859754
-5.33032,-5.2431333233949164
-5.33543,-5.30741020605636
-5.34528,-5.371009090612255
-5.3591,-5.432652341692033
-5.37618,-5.49114399905834
-5.39593,-5.545405754027468
-5.41789,-5.5944876890428725
-5.44178,-5.637585409057212
-5.46744,-5.6740274956528065
-5.49486,-5.7032825603120685
-5.52401,-5.724915774948192
-5.55483,-5.738587943855758
-5.5871,-5.744027297524746
-5.62044,-5.741038642185353
-5.65435,-5.729523458948229
-5.68821,-5.709482365462367
-5.7214,-5.681043193107133
-5.75328,-5.644454021976803
-5.7833,-5.600097171647113
-5.81097,-5.5484678861413945
-5.83596,-5.490176268759439
-5.8581,-5.425926900094631
-5.87745,-5.3565072168645615
-5.89428,-5.282761094800968
-5.9091,-5.205568812620077
-5.92264,-5.125820451841421
-5.93581,-5.0443851824534836
-5.94964,-4.962079842409222
-5.96516,-4.879624860285453
-5.98335,-4.797636878393995
-6.00498,-4.716589217830759
-6.03047,-4.63679805807589
-6.05986,-4.558440622906491
-6.09276,-4.481577316824442
-6.12841,-4.4061987018468844
-6.16574,-4.332264386712437
-6.20359,-4.259775438584803
-6.2408,-4.188803749809112
-6.27642,-4.1195372252225795
-6.30979,-4.052290657311278
-6.34065,-3.987517098902992
-6.36913,-3.925786883831616
-6.39578,-3.8677829696377253
-6.42148,-3.8142613594639685
-6.44741,-3.766034104509706
-6.47491,-3.723925938944488
-6.50537,-3.6887380125547455
-6.54009,-3.6612058136572143
-6.58011,-3.6419419186386026
-6.62608,-3.6313953154927168
-6.67814,-3.6298084293456885
-6.73589,-3.6372029571188182
-6.79842,-3.6533798204168426
-6.86437,-3.6779245817721202
-6.93211,-3.710243428234882
-6.99989,-3.749593147708346
-7.06608,-3.795132268731136
-7.12926,-3.8459339820746674
-7.18845,-3.9010393463270256
-7.24305,-3.959447254048512
-7.29287,-4.0201293928426765
-7.33799,-4.0820218371714025
-7.37864,-4.144031963685764
-7.41506,-4.205049581904893
-7.44744,-4.263987926650637
-7.47586,-4.319820690419377
-7.5003,-4.371633534180797
-7.52066,-4.41865625267093
-7.53677,-4.460286957324008
-7.54852,-4.496117796815393
-7.55583,-4.52591310089536
-7.55875,-4.549599264276669
-7.55747,-4.567236346204217
-7.55231,-4.578974553879259
-7.54373,-4.585027182899013
-7.53231,-4.585649668269676
-7.51873,-4.581120498638618
-7.5037,-4.571736744224719
-7.4879,-4.557807712860334
-7.47189,-4.5396548555953435
-7.45601,-4.5176124661319825
-7.44034,-4.492044868431294
-7.42465,-4.463351401263193
-7.40844,-4.4319869358424535
-7.39103,-4.398482161030758
-7.37161,-4.363428950726104
-7.34933,-4.327469436679413
-7.32338,-4.291269890439459
-7.29306,-4.255487978375953
-7.25776,-4.2207203331322045
-7.21702,-4.187475242489732
-7.17049,-4.156142924268921
-7.118,-4.12699225752174
-7.05949,-4.100154406113465
-6.9951,-4.075658036799267
-6.92522,-4.053461311522137
-6.85053,-4.033482098494666
-6.77194,-4.015610039005277
-6.69061,-3.9997416547785285
-6.60784,-3.9857746769871047
-6.52498,-3.9736215277462152
-6.44334,-3.9632090732912983
-6.36415,-3.9544989185618493
-6.28844,-3.9474787698578355
-6.21707,-3.9421801665753735
-6.15067,-3.9386712978243783
-6.08961,-3.937043285678779
-6.03395,-3.937396998487128
-5.98339,-3.9398119391257085
-5.93725,-3.944332816233197
-5.89453,-3.9509585241207392
-5.85394,-3.959635090508977
-5.81405,-3.97027520066964
-5.77334,-3.982753393466325
-5.73034,-3.996929683779127
-5.6837,-4.012652606547017
-5.63234,-4.029781675873949
-5.57547,-4.048181191828802
-5.5127,-4.067724793539603
-5.44404,-4.088287597254595
-5.36988,-4.109731604867641
-5.29095,-4.13190201830187
-5.20817,-4.154598146838623
-5.12258,-4.177584026078485
-5.03512,-4.200567491261742
-4.94662,-4.2232461117801945
-4.85765,-4.245313877831179
-4.76857,-4.266523581499917
-4.67953,-4.286716630416469
-4.59052,-4.305858865105932
-4.50146,-4.324061642449861
-4.41224,-4.341576223716155
-4.3229,-4.358810644251062
-4.23364,-4.376289338647571
-4.14492,-4.39463348663137
-4.05754,-4.414528843359387
-3.97264,-4.436676975958946
-3.89172,-4.461750045735043
-3.81662,-4.490344898546702
-3.74945,-4.522934125830421
-3.69249,-4.5598255312615485
-3.64804,-4.601118741390712
-3.61837,-4.646708997333054
-3.60552,-4.696264140843703
-3.61118,-4.7492318838
-3.63661,-4.804876106022756
-3.68249,-4.862300483399288
-3.74888,-4.920502578506602
-3.83521,-4.978440630360833
-3.94031,-5.0350937959345154
-4.06239,-5.089498076019299
-4.19917,-5.140812447432319
-4.34786,-5.188323722542239
-4.50534,-5.231494859701213
-4.66819,-5.269954363352348
-4.83291,-5.303522881538659
-4.99602,-5.3321909823427465
-5.15414,-5.356083625851205
-5.30415,-5.375443427287062
-5.44321,-5.390579028468638
-5.56891,-5.401852765595334
-5.67934,-5.409655456404263
-5.77312,-5.414382628622997
-5.84945,-5.416420397208617
-5.90807,-5.416120018862054
-5.9492,-5.41378577860202
-5.97353,-5.4096770814335144
-5.98212,-5.404001346169977
-5.97637,-5.396923303025864
-5.9579,-5.388563468838956
-5.92847,-5.37900206236941
-5.88996,-5.368308937529795
-5.84424,-5.356537974147533
-5.79319,-5.343762602759371
-5.73865,-5.330084253946499
-5.68242,-5.31565239019448
-5.62617,-5.300655290838447
-5.57148,-5.285335145838567
-5.51978,-5.2699741144685515
-5.47229,-5.25487241943689
-5.43005,-5.240351671634921
-5.39383,-5.226718591224304
-5.36417,-5.214266571035833
-5.34138,-5.203258782934378
-5.32551,-5.193906899819364
-5.31644,-5.186375314197015
-5.31389,-5.180764737257614
-5.31745,-5.177101450361689
-5.32667,-5.175341220470367
-5.34102,-5.175342028568572
-5.35991,-5.1768596482692555
-5.3827,-5.179547970483436
-5.40871,-5.182971339120436
-5.43723,-5.186617570066757
-5.46756,-5.189931003838684
-5.49905,-5.192345911568408
-5.53109,-5.193303959231372
-5.56315,-5.192278503433963
-5.59484,-5.188806879777068
-5.62589,-5.182488514414619
-5.65617,-5.173000935301944
-5.68571,-5.16010165344582
-5.71467,-5.143627741544327
-5.74329,-5.123476811283926
-5.77192,-5.099617010838635
-5.80095,-5.072067688764709
-5.83077,-5.04088597043197
-5.86177,-5.006164053765313
-5.89423,-4.968003798512432
-5.92835,-4.926520986835726
-5.96416,-4.881823293452317
-6.00151,-4.834011317232067
-6.04004,-4.783170889072832
-6.07924,-4.729393549827278
-6.11845,-4.672781289941755
-6.15698,-4.613477300226149
-6.19423,-4.551694702461426
-6.22976,-4.487733510597725
-6.26339,-4.421989750046702
-6.29528,-4.354965875626808
-6.32583,-4.287227876310426
-6.35576,-4.2194173680428895
-6.38603,-4.152227416173228
-6.41775,-4.086382928832474
-6.45211,-4.022630507499893
-6.49028,-3.9617234025366415
-6.53322,-3.9043854260872735
-6.58155,-3.8512860274084275
-6.63539,-3.8030135427328986
-6.6943,-3.760069967840033
-6.75723,-3.72286225133925
-6.82257,-3.6917137166862513
-6.88831,-3.6668945192851607
-6.95224,-3.648646401677865
-7.01213,-3.6371895290626806
-7.06597,-3.6327365248235046
-7.11214,-3.6354838526082043
-7.14954,-3.6455889903558125
-7.1776,-3.663130395774143
-7.19621,-3.68805218688413
-7.20568,-3.7201409882146477
-7.20663,-3.758998406538656
-7.19995,-3.804044680682982
-7.18674,-3.854524352710163
-7.16831,-3.9095340708677497
-7.14614,-3.968046188996776
-7.12192,-4.028956698011776
-7.09752,-4.091118548157314
-7.07496,-4.153372595195481
-7.05641,-4.214593936394034
-7.04405,-4.273699522995356
-7.03996,-4.329667234445352
-7.04594,-4.3815414477222685
-7.06333,-4.428441694354214
-7.09282,-4.469568348746943
-7.13442,-4.504244561088555
-7.18738,-4.53193184158932
-7.25024,-4.5522591442136155
-7.32093,-4.565046704278661
-7.39693,-4.570321492521882
-7.47537,-4.568300596075966
-7.55327,-4.55939335378385
-7.62765,-4.544166087139559
-7.69569,-4.523304417079046
-7.75489,-4.497586010669335
-7.80307,-4.467806154629579
-7.83851,-4.434764804930889
-7.85994,-4.399212942345338
-7.86654,-4.361829959341735
-7.85791,-4.323197992177914
-7.83408,-4.283803112546936
-7.79537,-4.244014013933587
-7.74244,-4.204114419604172
-7.67624,-4.1643211932732855
-7.59799,-4.124813234326114
-7.50917,-4.0857546564867855
-7.4115,-4.047326721070692
-7.30681,-4.009712318011474
-7.19702,-3.9731249856722446
-7.08408,-3.9378179929238057
-6.96982,-3.904062388004001
-6.85591,-3.8721543708784036
-6.74375,-3.842396257868167
-6.63447,-3.8151076801722477
-6.52895,-3.790633954619508
-6.42777,-3.769324655525507
-6.3312,-3.7515140381747853
-6.23919,-3.737498996728906
-6.15133,-3.72750691334287
-6.06688,-3.721686127517917
-5.98478,-3.720083979994386
-5.90374,-3.7226514546005194
-5.82233,-3.7292470891484415
-5.73908,-3.73964956487608
-5.65262,-3.753573965752855
-5.56174,-3.770681846710898
-5.46558,-3.79061729386444
-5.36366,-3.8130128987910488
-5.25597,-3.837511995816766
-5.14297,-3.8637791946665
-5.02552,-3.8914968957631517
-4.90478,-3.920365589159233
-4.7821,-3.9501114643828683
-4.65891,-3.9805007138507076
-4.53658,-4.011346288479574
-4.41642,-4.04253867783214
-4.29961,-4.074050595103004
-4.18718,-4.105934225713071
-4.08005,-4.138321746529237
-3.97902,-4.171394608651932
-3.88483,-4.20537018551094
-3.79814,-4.240460045010102
-3.71963,-4.276859827998373
-3.64998,-4.314721625316658
-3.58987,-4.354133572500003
-3.54006,-4.395126016851531
-3.50135,-4.4376598292791165
-3.47458,-4.4816229492964705
-3.46061,-4.526833067258278
-3.46028,-4.57303286512318
-3.47431,-4.619888566840287
-3.50327,-4.666999488181156
-3.54751,-4.713912179130108
-3.6072,-4.760158699494711
-3.6822,-4.805248998477092
-3.77208,-4.848700049329329
-3.87604,-4.890040623273795
-3.99292,-4.928838635996863
-4.12119,-4.964711382198984
-4.25899,-4.9973508699165885
-4.40415,-5.026530117840859
-4.55432,-5.052132987469682
-4.70694,-5.0741242768680666
-4.85942,-5.09257509336882
-5.00913,-5.1076301318374435
-5.1535,-5.119501263973723
-5.29007,-5.128452895970918
-5.41657,-5.134798863696834
-5.53096,-5.138890803483667
-5.63152,-5.141118060719337
-5.71691,-5.1419060416875295
-5.78629,-5.141725595491598
-5.83926,-5.141054065091865
-5.87587,-5.140359053209392
-5.89664,-5.140090989560187
-5.90242,-5.140643066900758
-5.8944,-5.142354455318334
-5.87404,-5.145498321034013
-5.84302,-5.150278896216091
-5.80315,-5.156817668398442
-5.75635,-5.165157200887933
-5.70457,-5.175251234019966
-5.64973,-5.186964239085958
-5.59368,-5.200072663219352
-5.53813,-5.21426944390822
-5.4846,-5.229171406805613
-5.43441,-5.244347019808336
-5.38862,-5.25933007930276
-5.34801,-5.2736394273346745
-5.31313,-5.286820396736637
-5.28426,-5.298451154413015
-5.26147,-5.308176679371536
-5.24468,-5.315724070745308
-5.23369,-5.320913080477985
-5.2283,-5.323669037785103
-5.22832,-5.324002672666657
-5.23362,-5.3219969262382465
-5.2442,-5.3177926716736295
-5.26008,-5.311535450246152
-5.28125,-5.303338937701412
-5.30758,-5.29325266975673
-5.33872,-5.281240144271316
-5.37417,-5.2672055308382095
-5.41321,-5.250992304921751
-5.45508,-5.232435212590973
-5.49896,-5.211370655290046
-5.54405,-5.187653993099708
-5.58961,-5.16117629581395
-5.63496,-5.131860245885726
-5.67955,-5.099673087443178
-5.72292,-5.064615281390678
-5.76479,-5.026734679845172
-5.80501,-4.986115723458815
-5.84355,-4.9428689233969685
-5.88053,-4.897143271119682
-5.91619,-4.849112295200054
-5.95082,-4.798953865283599
-5.98473,-4.746836472074497
-6.01821,-4.692910446294842
-6.05144,-4.637281683515953
-6.08445,-4.580002943841503
-6.11706,-4.521064560190089
-6.14887,-4.460402054058432
-6.17929,-4.397920608945765
-6.20764,-4.333533315288867
-6.23324,-4.267204347376336
-6.2556,-4.199013659639167
-6.27446,-4.129172539387895
-6.28993,-4.058064518485796
-6.30249,-3.9862453398150075
-6.31299,-3.914442105862646
-6.32268,-3.843550940763898
-6.33314,-3.774614418126422
-6.34615,-3.7087688662307707
-6.36364,-3.6472181125913066
-6.38753,-3.5911717588441783
-6.41949,-3.5417643321288823
-6.46081,-3.500000527918974
-6.51222,-3.4666973826045515
-6.57369,-3.4424162978038377
-6.64441,-3.427453497376396
-6.72281,-3.4218415433529947
-6.80666,-3.425370996636885
-6.89327,-3.4376384709055845
-6.9797,-3.4580929947823638
-7.063,-3.4860885832224637
-7.14046,-3.5209350382137177
-7.20975,-3.561919888063113
-7.26906,-3.608334103378146
-7.31713,-3.6594698342920844
-7.35316,-3.714596849496708
-7.37681,-3.772965944835852
-7.38807,-3.833794562890247
-7.38723,-3.8962672213037877
-7.37486,-3.959557041384129
-7.3518,-4.0228354375718345
-7.31915,-4.085286960614044
-7.27832,-4.14613404419301
-7.23102,-4.204645054228934
-7.17922,-4.260129111351819
-7.12509,-4.3119329260191765
-7.0709,-4.359433298059168
-7.01885,-4.402023885735498
-6.97092,-4.439120618929872
-6.9287,-4.470165040525121
-6.89334,-4.494673459886893
-6.86546,-4.51226050522748
-6.8452,-4.522689641527013
-6.83224,-4.525897241658711
-6.82585,-4.521997983818034
-6.82497,-4.51127946707668
-6.82837,-4.494200059611072
-6.83469,-4.47134515412891
-6.84257,-4.443398676740616
-6.85073,-4.411106984666592
-6.85803,-4.375243272164556
-6.86343,-4.336553468755418
-6.86608,-4.295751638519213
-6.86519,-4.2534671283550125
-6.86003,-4.210234596363746
-6.84991,-4.166498084154725
-6.83411,-4.122606467600149
-6.81193,-4.078845876583302
-6.7827,-4.035465333415662
-6.74589,-3.9927295595916488
-6.70118,-3.95094859016735
-6.64853,-3.9105032159934767
-6.58815,-3.87183003402604
-6.52057,-3.8354378022071476
-6.44659,-3.8018774684723287
-6.36724,-3.7717118416311988
-6.28372,-3.745481716601229
-6.19734,-3.7236797342767844
-6.10943,-3.7067129905826235
-6.02131,-3.6948938996924174
-5.93417,-3.6884099522791582
-5.84897,-3.687301827283123
-5.76637,-3.691453648753549
-5.68663,-3.700586360938952
-5.60967,-3.7142847575398497
-5.53499,-3.7319961266633985
-5.46182,-3.75308486861549
-5.38916,-3.7768617522841312
-5.31587,-3.8026225127552626
-5.2408,-3.8296957971527656
-5.16284,-3.857464583693485
-5.08102,-3.8854020908444484
-4.9946,-3.913098137216595
-4.90315,-3.9402872266794797
-4.8066,-3.9668577347704987
-4.70527,-3.9928542757139103
-4.59984,-4.0184529741563715
-4.49134,-4.043945211141344
-4.38107,-4.069691961409731
-4.27053,-4.096084443951792
-4.16136,-4.12350782645245
-4.0552,-4.152286924194345
-3.95367,-4.182675025432854
-3.85827,-4.214824622129752
-3.77039,-4.248801937000425
-3.69121,-4.284565840250396
-3.62177,-4.322005844937604
-3.5629,-4.360935829171586
-3.51524,-4.401116864945205
-3.47926,-4.442281934864861
-3.45527,-4.484155611463763
-3.44349,-4.526489570264101
-3.444,-4.569052847700277
-3.4568,-4.611657583665923
-3.48178,-4.654151096698733
-3.51869,-4.696402645699909
-3.56715,-4.738302926722238
-3.62667,-4.779759418041366
-3.69665,-4.820682201515
-3.77641,-4.860975657404909
-3.8652,-4.900524564696159
-3.96224,-4.939189087413105
-4.06671,-4.976781166276608
-4.17772,-5.013051281785492
-4.29432,-5.047688565221561
-4.41544,-5.080310400144369
-4.53993,-5.110491904351924
-4.66646,-5.137759412869661
-4.7936,-5.161632944109039
-4.91981,-5.181648060226763
-5.04345,-5.197383915582168
-5.16282,-5.2084897796107725
-5.27624,-5.214730516936166
-5.38203,-5.215987362032808
-5.47867,-5.212309210110307
-5.5648,-5.2039020534547475
-5.63935,-5.191149922377152
-5.70152,-5.174591959004865
-5.75085,-5.154909669102965
-5.78715,-5.132884954083078
-5.81053,-5.109370449745879
-5.82134,-5.0852422177853835
-5.82019,-5.06137296483211
-5.80786,-5.038575989700616
-5.78527,-5.017573258458893
-5.75348,-4.9989786686545035
-5.71362,-4.983263853993023
-5.66685,-4.970744078598349
-5.61443,-4.961597082388734
-5.55763,-4.955853140020046
-5.4978,-4.953427267959764
-5.43634,-4.954128916846301
-5.37466,-4.957678365587521
-5.31418,-4.963727094358294
-5.25626,-4.971867471359179
-5.20219,-4.981655241101395
-5.15309,-4.992615085029367
-5.10992,-5.004263021883501
-5.07343,-5.01611880446196
-5.04419,-5.0277317375458175
-5.02266,-5.038703841768073
-5.0092,-5.048695579687083
-5.00414,-5.057429095769016
-5.00779,-5.06467576105676
-5.02038,-5.0702264535739285
-5.042,-5.073859552630824
-5.07247,-5.0753081950181045
-5.11129,-5.074257882979285
-5.15758,-5.0703472292813885
-5.21017,-5.063218706219427
-5.26761,-5.052539147439516
-5.32834,-5.038050234572784
-5.39081,-5.019594335109962
-5.4535,-4.997100301412612
-5.51507,-4.9705952486988725
-5.5744,-4.940188176996605
-5.63059,-4.906045927476435
-5.68303,-4.8683884213924244
-5.7314,-4.827469343939188
-5.77569,-4.783569430095914
-5.81616,-4.736974143411481
-5.85332,-4.687959566410332
-5.88788,-4.636779072625742
-5.92063,-4.583636850350852
-5.95241,-4.528685149535573
-5.98401,-4.472017242126946
-6.01611,-4.413671187726706
-6.0492,-4.353631109546604
-6.08353,-4.291847739603548
-6.11909,-4.228260816093269
-6.15566,-4.162849382584855
-6.19286,-4.09567349651805
-6.23027,-4.026927753365643
-6.2675,-3.9569667100243233
-6.30425,-3.886321525444407
-6.34037,-3.8156999933214415
-6.37587,-3.7459669132960394
-6.41092,-3.6781192484512406
-6.44586,-3.613256373444368
-6.48117,-3.5525367078767367
-6.51744,-3.4971402644181424
-6.55531,-3.4482049654165285
-6.59532,-3.4067488401743606
-6.63788,-3.3736265118668447
-6.68314,-3.3494641459772496
-6.73092,-3.334619151394241
-6.78068,-3.329170424867014
-6.83155,-3.3329326937301658
-6.88238,-3.345488869431905
-6.93187,-3.3662444311874014
-6.97872,-3.394491492280467
-7.0218,-3.429469779630722
-7.06023,-3.470393049389517
-7.09352,-3.516485948899374
-7.12155,-3.566980317919639
-7.14448,-3.62108919770768
-7.16267,-3.6779964633741966
-7.17649,-3.7368308804942294
-7.18627,-3.796693394358602
-7.19216,-3.856671282422441
-7.19415,-3.91588643802375
-7.1921,-3.973541735224529
-7.18578,-4.028946748793891
-7.17497,-4.081542675620365
-7.15954,-4.130902516393242
-7.13957,-4.176730718503583
-7.11537,-4.218823062579716
-7.08756,-4.257044537112011
-7.05706,-4.291287527587365
-7.02509,-4.321436989579512
-6.99308,-4.347335137520488
-6.96264,-4.368774877304047
-6.93534,-4.385467712190605
-6.91268,-4.397079088960472
-6.89584,-4.403224841902208
-6.88562,-4.4035140192613
-6.8824,-4.397607367913271
-6.88608,-4.385252804308771
-6.89614,-4.366334847031364
-6.91171,-4.340906849120847
-6.93161,-4.30919916755049
-6.95446,-4.271618972650961
-6.97878,-4.228744233075507
-7.00299,-4.181277159426488
-7.02553,-4.1300258884939804
-7.04485,-4.0758651674794635
-7.05949,-4.019710621084006
-7.06809,-3.962490882197585
-7.06939,-3.9051199030901773
-7.06229,-3.8484923278142387
-7.04591,-3.793480155460378
-7.0196,-3.740925639128198
-6.98306,-3.6916466985844294
-6.93628,-3.6464009841456297
-6.87965,-3.605889251066399
-6.81388,-3.5707119453782994
-6.74004,-3.5413602286470653
-6.65945,-3.5181851607906944
-6.57364,-3.5013845232134684
-6.48421,-3.4909805673602428
-6.39278,-3.486838724243201
-6.30089,-3.4886758981608437
-6.20989,-3.496074627541864
-6.12086,-3.508499409189409
-6.0345,-3.525305372080236
-5.95109,-3.5457702046428725
-5.87042,-3.569114782987395
-5.79187,-3.5945590591450025
-5.71448,-3.6213706971560233
-5.63706,-3.6489062112963238
-5.55825,-3.6766295496632764
-5.47671,-3.7041494960059858
-5.39117,-3.731213855394527
-5.30061,-3.757728358017779
-5.20432,-3.783738775307449
-5.10205,-3.80943510681921
-4.99402,-3.8351075843279525
-4.88088,-3.8610994835588635
-4.7637,-3.887770271756818
-4.64378,-3.9154288791598146
-4.52259,-3.9443179678327236
-4.40163,-3.974594210198138
-4.28233,-4.006326495479874
-4.16605,-4.039525549779053
-4.05402,-4.0741574302034955
-3.94732,-4.110150943495602
-3.84696,-4.14743219893416
-3.75386,-4.185923077304614
-3.66891,-4.225550015421663
-3.593,-4.266247809058456
-3.52701,-4.307947478852378
-3.47184,-4.3505820152080465
-3.42837,-4.39406917507682
-3.39744,-4.438311383150416
-3.37989,-4.483211860992255
-3.37644,-4.528642400478
-3.3877,-4.574452304153907
-3.41404,-4.620441187860884
-3.45558,-4.666364091469335
-3.51214,-4.711930820748423
-3.58325,-4.756822248845605
-3.66813,-4.800690690286991
-3.76576,-4.843180577987955
-3.87488,-4.883919868008049
-3.99402,-4.922528346664
-4.12156,-4.958625277322793
-4.25577,-4.991840652336675
-4.39481,-5.021811659256812
-4.53685,-5.048215100794473
-4.68,-5.070749978788234
-4.82241,-5.089165733722241
-4.96225,-5.10325707126726
-5.09774,-5.1128816483321975
-5.22714,-5.117955171301266
-5.34882,-5.118481158907728
-5.46122,-5.114543579277886
-5.56296,-5.106338281718967
-5.65286,-5.094175785247124
-5.73002,-5.078492932673899
-5.79385,-5.059840559545526
-5.84412,-5.038869475888169
-5.88086,-5.016270445670498
-5.90441,-4.992767563513806
-5.91538,-4.969087274579963
-5.91461,-4.945926967808021
-5.90317,-4.9239483974101494
-5.88228,-4.9037417130296745
-5.85331,-4.88581812707236
-5.81766,-4.870575620846221
-5.77678,-4.858307819217523
-5.7321,-4.849190652739893
-5.68503,-4.843293110151222
-5.63692,-4.840579986231781
-5.58908,-4.840930524990562
-5.54273,-4.844143544452068
-5.49902,-4.849960080261578
-5.45896,-4.858062959092181
-5.42345,-4.868107241288262
-5.39316,-4.8797107063886545
-5.36854,-4.89247337511302
-5.34975,-4.905984988992694
-5.33668,-4.919843796963531
-5.32898,-4.933672233467444
-5.32614,-4.947135357590026
-5.32757,-4.9599397087346855
-5.33265,-4.971820132894308
-5.34082,-4.982526470556873
-5.35154,-4.991776103381279
-5.36432,-4.99924579239215
-5.37872,-5.0045667059556855
-5.39438,-5.007342319074774
-5.41097,-5.007155182841516
-5.42823,-5.003591577140011
-5.44598,-4.9962710374411605
-5.4641,-4.984847614843622
-5.48252,-4.969026563459804
-5.50121,-4.948573016531338
-5.52018,-4.923324240102227
-5.53944,-4.893191015716568
-5.559,-4.858161443697703
-5.57891,-4.818318643706913
-5.59924,-4.773826632253221
-5.62013,-4.7249373409141695
-5.64181,-4.671980923324899
-5.66461,-4.615343767694569
-5.68887,-4.555424135500938
-5.71497,-4.492626167990509
-5.74322,-4.4273223646848505
-5.77385,-4.359849400237039
-5.80692,-4.290498047774332
-5.84227,-4.219518639356242
-5.87957,-4.147162833818266
-5.91825,-4.073693120760779
-5.95762,-3.999435488939298
-5.99688,-3.9247944437501827
-6.03527,-3.850292117198345
-6.07209,-3.7765568837369203
-6.10682,-3.7043368725737102
-6.1392,-3.6344895570097266
-6.16925,-3.5679575820546967
-6.19734,-3.5057518023383065
-6.22416,-3.4489029168060736
-6.25072,-3.398425747104172
-6.27827,-3.3552678390875244
-6.3082,-3.320249742451411
-6.34189,-3.294010426882971
-6.38059,-3.276979156833585
-6.42522,-3.2693342955213147
-6.47625,-3.2710038676280275
-6.53356,-3.2816793388688703
-6.59644,-3.300861992304413
-6.66362,-3.3279163131230765
-6.73337,-3.3621267626080535
-6.80371,-3.4027616078741976
-6.87255,-3.4490989324739347
-6.93799,-3.500471606071583
-6.99837,-3.5562328126384415
-7.05244,-3.6157520915218786
-7.09937,-3.6783768210496524
-7.13865,-3.7433847479131144
-7.1701,-3.8099942047671864
-7.19372,-3.8773466510170556
-7.20965,-3.944538714320024
-7.21814,-4.010657385833444
-7.21955,-4.074817632418787
-7.2144,-4.136201656440538
-7.20336,-4.194068117369261
-7.18736,-4.247774406539231
-7.1676,-4.296768000024722
-7.1456,-4.340583006547009
-7.12316,-4.3788170216166575
-7.10235,-4.411126578093784
-7.08537,-4.437208288623956
-7.07443,-4.456799882582032
-7.07153,-4.469674457348228
-7.0783,-4.475654978539934
-7.09581,-4.474631620707217
-7.12451,-4.466599767481939
-7.16419,-4.4516934916135105
-7.21401,-4.430212229104499
-7.27258,-4.40263118881025
-7.33809,-4.369591861473377
-7.40842,-4.331871737292288
-7.48127,-4.290335194858032
-7.55425,-4.2458704917392
-7.62492,-4.199318855610609
-7.69093,-4.1514482282223275
-7.75,-4.102893682169003
-7.80002,-4.054162659285592
-7.83902,-4.005618970125887
-7.86529,-3.957523907618664
-7.87734,-3.9100536988335053
-7.87396,-3.863340098260643
-7.85424,-3.8175077899221908
-7.81768,-3.7727226009888772
-7.76413,-3.7291898962753884
-7.69391,-3.687190227401084
-7.60771,-3.647058686920305
-7.50668,-3.609196875191894
-7.39235,-3.574046479608799
-7.26663,-3.542076253628795
-7.13173,-3.5137498460962737
-6.99002,-3.489478968538811
-6.84395,-3.4696005445544187
-6.69591,-3.454342908849042
-6.54821,-3.443836351782026
-6.40289,-3.4380846945554118
-6.26169,-3.4369813323725826
-6.12587,-3.440296796584171
-5.99621,-3.4477057301063097
-5.87294,-3.458809164478546
-5.75578,-3.47316391475995
-5.64403,-3.4903273144733045
-5.53667,-3.509889170187809
-5.43242,-3.5314794458411543
-5.32993,-3.554807678766524
-5.22783,-3.5796561578723387
-5.1249,-3.6058972884901346
-5.02013,-3.6334808694358416
-4.91288,-3.66244468936648
-4.80289,-3.6928865789200036
-4.69031,-3.724944543167324
-4.57564,-3.7587583367215394
-4.45966,-3.7944410290860167
-4.34334,-3.8320547573527293
-4.22773,-3.871590371456781
-4.11392,-3.9129781262848904
-4.00303,-3.9561006988825
-3.8961,-4.000783789494087
-3.79411,-4.046812629638031
-3.69798,-4.0939523947854575
-3.60853,-4.141943707387712
-3.5265,-4.190524227312883
-3.4526,-4.239452099073329
-3.38747,-4.288502851512693
-3.33175,-4.3374917237809605
-3.28604,-4.386262052906805
-3.25095,-4.4347009457647895
-3.2271,-4.482732141557622
-3.21513,-4.530313674304428
-3.21566,-4.577420617150506
-3.22927,-4.624029253794238
-3.25642,-4.670087087089617
-3.29747,-4.715512468290281
-3.35259,-4.760166308805276
-3.42173,-4.8038417721900135
-3.50458,-4.846255109751264
-3.60052,-4.8870425010072776
-3.70866,-4.925786580701455
-3.8278,-4.962023121749824
-3.95653,-4.995289057043825
-4.09318,-5.025126471097609
-4.23596,-5.051143196997843
-4.38295,-5.073020995690469
-4.5322,-5.090553025814862
-4.68171,-5.103647397908014
-4.82946,-5.112337464739281
-4.97342,-5.116784241355003
-5.1116,-5.117291067786681
-5.24204,-5.1142829036391175
-5.36289,-5.108311012547624
-5.47249,-5.100039595314377
-5.56947,-5.090235518696256
-5.6528,-5.079728899423671
-5.72181,-5.069370584973241
-5.77621,-5.059984679699745
-5.81609,-5.052328396097663
-5.84185,-5.047037786604906
-5.85423,-5.044619908455255
-5.8542,-5.045417028699238
-5.84296,-5.049607891341845
-5.82181,-5.057194199919762
-5.79216,-5.068029139874449
-5.75542,-5.081815948076396
-5.71303,-5.098155910106899
-5.6664,-5.116563101752146
-5.61697,-5.136513304487947
-5.56612,-5.1574514383388825
-5.51524,-5.178832521954219
-5.46564,-5.200124581935695
-5.41858,-5.220834006695709
-5.37522,-5.240515652753739
-5.33655,-5.258765386871646
-5.30342,-5.275240259999852
-5.27645,-5.289636090027256
-5.25605,-5.301682808304646
-5.24243,-5.311136583413831
-5.2356,-5.317757532031827
-5.23536,-5.321287371137234
-5.24134,-5.321449185713903
-5.25304,-5.317954727279109
-5.26977,-5.310498558824171
-5.29079,-5.298807655577769
-5.31526,-5.282648582947031
-5.34234,-5.2618612159932265
-5.37121,-5.236376831813908
-5.40109,-5.206217105833165
-5.43127,-5.171495701107844
-5.46115,-5.132424282709727
-5.49026,-5.0892973717512495
-5.51824,-5.042469798439014
-5.54488,-4.9923493923652735
-5.57009,-4.939364229803316
-5.59388,-4.883935036855858
-5.61642,-4.826468164932313
-5.63794,-4.7673119660797525
-5.6588,-4.706757663103787
-5.67945,-4.645021605176425
-5.70037,-4.582231303589733
-5.7221,-4.51843862196574
-5.7451,-4.453604716555375
-5.76975,-4.3876289937534825
-5.79628,-4.320374883425248
-5.82468,-4.2516943462239745
-5.85471,-4.181480653556931
-5.88587,-4.109704089855722
-5.91743,-4.036452737889025
-5.94853,-3.9619732082032133
-5.97829,-3.8866990033694657
-6.0059,-3.811253526417086
-6.03072,-3.7364386474936855
-6.05238,-3.6632147832153015
-6.07081,-3.592654676825038
-6.08628,-3.5258952576860283
-6.0994,-3.4640839500265033
-6.11115,-3.408336865897562
-6.12281,-3.3596812465005534
-6.13594,-3.319026626219644
-6.15231,-3.287128202292113
-6.17374,-3.264547988582826
-6.202,-3.2516446856627685
-6.23857,-3.248542810470416
-6.28447,-3.2551312539313466
-6.34012,-3.2710821673941926
-6.40518,-3.2958621111145363
-6.47854,-3.328775945304267
-6.55838,-3.3690158568685904
-6.64229,-3.41570951493761
-6.72753,-3.467974895934362
-6.81117,-3.5249325411487287
-6.89043,-3.5857565186867575
-6.96276,-3.6496510638962745
-7.02605,-3.71586705106488
-7.07865,-3.783672557592896
-7.11938,-3.852340705602585
-7.14746,-3.9211254563812306
-7.16247,-3.989262523461955
-7.16425,-4.055967914990662
-7.15289,-4.120461678757604
-7.1287,-4.181987796853552
-7.09222,-4.239834565321267
-7.04432,-4.293375761554956
-6.98622,-4.342074236417019
-6.91954,-4.385488269627086
-6.84635,-4.423273721118998
-6.76918,-4.455180989960675
-6.69089,-4.481017019664427
-6.6146,-4.500648692178494
-6.54348,-4.513975019477158
-6.48053,-4.520927946833478
-6.42838,-4.521479290081075
-6.38903,-4.515638328948136
-6.3638,-4.5035033833073115
-6.3532,-4.485271987210007
-6.35697,-4.461270827743758
-6.37415,-4.431971063469184
-6.40311,-4.397960010526956
-6.44176,-4.359939793159315
-6.48766,-4.318692801506405
-6.53815,-4.2750334641722265
-6.59052,-4.229781716972439
-6.64215,-4.183729355520609
-6.69054,-4.137594395292197
-6.73343,-4.092016325611308
-6.76883,-4.047541885393194
-6.79502,-4.004616544909352
-6.81057,-3.963597406538059
-6.81432,-3.924757439093961
-6.8054,-3.888315455741146
-6.78327,-3.8544574560400617
-6.74775,-3.8233603936985006
-6.69909,-3.795207116616797
-6.63796,-3.770181095180845
-6.56536,-3.748429705378445
-6.48264,-3.7300652930640146
-6.39139,-3.7151313967550155
-6.29331,-3.703573178895069
-6.1902,-3.6952522969542363
-6.08374,-3.6899171839626237
-5.97553,-3.687252056657434
-5.86693,-3.6868802785901194
-5.75906,-3.688411178908287
-5.65271,-3.6914548476706814
-5.54826,-3.695636149541134
-5.4457,-3.700630289749773
-5.34464,-3.7061917076553756
-5.24438,-3.7121756101501435
-5.14401,-3.7185612866973816
-5.04255,-3.725458082837281
-4.93905,-3.733091009545663
-4.8327,-3.7417689260632874
-4.72296,-3.7518626567212197
-4.60961,-3.763765038358655
-4.49285,-3.7778674785409976
-4.3733,-3.79453432645702
-4.25199,-3.8140775626802013
-4.13026,-3.8367308254657706
-4.00964,-3.862631776352719
-3.89172,-3.891811749407947
-3.77802,-3.92420255667581
-3.66986,-3.959646376748499
-3.56836,-3.997932330124878
-3.47436,-4.038812580670781
-3.38846,-4.082031098594015
-3.31101,-4.127331671653241
-3.24221,-4.174485151100619
-3.18206,-4.223267007677152
-3.13049,-4.273480409510774
-3.08735,-4.324939778972799
-3.05245,-4.377459925998115
-3.02567,-4.430877069135875
-3.00693,-4.48502439361539
-2.99629,-4.539750520742759
-2.99395,-4.594905662343441
-3.00023,-4.650323970673139
-3.01559,-4.7058156343241455
-3.04055,-4.761138792210384
-3.07564,-4.8159777516397435
-3.12134,-4.869933033464538
-3.17805,-4.922524086157746
-3.24602,-4.9731854531212525
-3.32534,-5.021285538052014
-3.41589,-5.066142444457376
-3.51732,-5.107042899891867
-3.62906,-5.14328600312464
-3.75028,-5.174202771662043
-3.87996,-5.199211939111069
-4.01685,-5.217841738927338
-4.15949,-5.229763850492617
-4.30627,-5.234828254037529
-4.45546,-5.233087622289412
-4.60519,-5.224785337122453
-4.75356,-5.210372636515129
-4.89858,-5.1904668241424785
-5.03827,-5.1658429233360375
-5.17064,-5.137389081701492
-5.29377,-5.106091185922405
-5.40591,-5.073007937539789
-5.50552,-5.039230259122132
-5.59141,-5.005862230691083
-5.66275,-4.9739658367291995
-5.71909,-4.944516813294875
-5.76037,-4.918364806093415
-5.78689,-4.896204711017505
-5.79929,-4.878554188090684
-5.79847,-4.865735786920009
-5.78561,-4.857891878620092
-5.76206,-4.854977982856303
-5.72929,-4.856773460087356
-5.68888,-4.862915324757571
-5.64241,-4.872904148645925
-5.59152,-4.886160797244106
-5.53781,-4.902035909234399
-5.48284,-4.919852471956602
-5.42812,-4.938937181752456
-5.3751,-4.95865216002891
-5.32509,-4.978395847363238
-5.27935,-4.997640461168473
-5.23897,-5.015903750611247
-5.2049,-5.03275025604388
-5.17789,-5.047769965251011
-5.15846,-5.060559604002327
-5.14692,-5.070728665096502
-5.14334,-5.077888561688769
-5.14759,-5.081662372463509
-5.15939,-5.081697340509655
-5.17825,-5.077654420533483
-5.20356,-5.069232132653779
-5.23454,-5.056160618037065
-5.27029,-5.038223857419559
-5.30978,-5.0152682227764025
-5.35198,-4.987243847129501
-5.39586,-4.954206001111405
-5.44044,-4.916322785707209
-5.48489,-4.873886832483044
-5.52845,-4.827269735928148
-5.57057,-4.776931543539208
-5.61083,-4.723366145643404
-5.64898,-4.667074766519753
-5.68493,-4.608532474355689
-5.71872,-4.548159070146063
-5.7505,-4.486291407397623
-5.78055,-4.423185252764928
-5.80921,-4.358996202645127
-5.8369,-4.2938000110973045
-5.86403,-4.227593046480708
-5.89102,-4.160323625135568
-5.91822,-4.091914878503489
-5.9459,-4.022295661536161
-5.97425,-3.95144374233605
-6.00335,-3.879407304355427
-6.03315,-3.8063317690887235
-6.06349,-3.7324819462417986
-6.0941,-3.658251437218441
-6.12464,-3.5841731270510557
-6.15478,-3.5109223739074498
-6.18423,-3.4392982915254535
-6.21282,-3.3702016946405697
-6.2405,-3.3045896233926353
-6.26739,-3.2434402641813254
-6.29376,-3.1877058086825856
-6.32003,-3.1382746745145784
-6.34682,-3.09596304203862
-6.37485,-3.0614722403476953
-6.40497,-3.0353918675607665
-6.43807,-3.0181748898002416
-6.47498,-3.010116212186972
-6.51636,-3.0113342310393176
-6.56259,-3.021753294526468
-6.61364,-3.041090599878852
-6.66903,-3.0688586456260376
-6.72785,-3.104400631705157
-6.78878,-3.146910899692669
-6.85026,-3.195498698335086
-6.9106,-3.249235320889873
-6.96819,-3.3072084705553246
-7.02164,-3.3685629261785404
-7.06993,-3.4325285832450456
-7.11252,-3.498434611109764
-7.14935,-3.5656919725340313
-7.18073,-3.6337491707456033
-7.20721,-3.702058433738393
-7.22946,-3.7700486230615375
-7.2481,-3.8370996539505766
-7.26367,-3.9025521203455513
-7.27661,-3.9657213774424553
-7.28718,-4.025883295800503
-7.2956,-4.082319028794099
-7.30204,-4.134315798812841
-7.30664,-4.181178822336303
-7.30961,-4.222267213779158
-7.31122,-4.257009986834818
-7.3118,-4.284920661777039
-7.31172,-4.305614029612599
-7.31133,-4.318813151309949
-7.31093,-4.324362756873713
-7.31068,-4.32222275002412
-7.31058,-4.312476651143323
-7.31056,-4.295359697340136
